group,scenario,text_score_0_100,delta_text_pp,formula_score_0_100,delta_formula_pp,table_teds_0_100,table_edit_score_0_100,reading_order_score_0_100,delta_reading_order_pp,table_TEDS_records,official_result_stem
Standalone,Docling,75.71770313517366,-6.267197518456513,3.1484418888999,0.0,,,56.14036633970869,-22.214814372304687,0,ovisocr2-dev66-baseline-docling
Standalone,MinerU,73.7936904840541,-8.191210169576081,0.0,-3.1484418888999,,,55.16043429350076,-23.194746418512622,0,ovisocr2-dev66-baseline-mineru
Standalone,OvisOCR2,78.43977596410978,-3.5451246895203923,14.544690899937274,11.396249011037375,59.860951261555826,52.560912977288,61.135021584058926,-17.220159127954453,12,ovisocr2-dev66
Standalone,TeleOCR,78.11140898103233,-3.8734916725978508,14.54411473409053,11.39567284519063,61.1208146373583,59.178074514996226,53.55583866570951,-24.79934204630387,13,teleocr-dev66
Current fusion,Docling + MinerU (production baseline),81.98490065363018,0.0,3.1484418888999,0.0,,,78.35518071201338,0.0,0,current-fusion-dev66
Pairwise v12,Docling + OvisOCR2 (Ovis supplies order skeleton),75.75620770778261,-6.22869294584757,17.290711994948715,14.142270106048816,59.860951261555826,52.560912977288,73.1182229113825,-5.236957800630876,12,fusion-docling-ovisocr2-dev66
Pairwise v12,OvisOCR2 + MinerU (MinerU supplies order skeleton),80.4913193677831,-1.4935812858470712,16.260354311316206,13.111912422416307,59.860951261555826,52.560912977288,67.11266183855919,-11.242518873454188,12,fusion-ovisocr2-mineru-dev66
Pairwise v12,Docling + TeleOCR (Tele supplies order skeleton),77.23436920603652,-4.750531447593659,13.433346452695893,10.284904563795994,61.1208146373583,59.178074514996226,71.78092614217833,-6.574254569835048,13,fusion-docling-teleocr-dev66
Pairwise v12,TeleOCR + MinerU (MinerU supplies order skeleton),81.2077014388918,-0.7771992147383742,12.723688939582656,9.575247050682757,61.1208146373583,59.178074514996226,54.99326748824862,-23.36191322376476,13,fusion-teleocr-mineru-dev66
Pairwise v12,OvisOCR2 + TeleOCR (Tele supplies order skeleton),78.6843697491097,-3.300530904520471,16.40297951907772,13.254537630177822,61.67384578879077,55.16927230358747,68.42794560673818,-9.927235105275201,13,pair-ovisocr2-teleocr-dev66
Pairwise v12,TeleOCR + OvisOCR2 (Ovis supplies order skeleton),78.53613798510452,-3.44876266852566,16.448329369396763,13.299887480496864,61.1208146373583,59.178074514996226,69.20112514370447,-9.154055568308905,13,pair-teleocr-ovisocr2-dev66
Pairwise v12,MinerU + Docling (Docling supplies order skeleton),80.68938104095642,-1.2955196126737576,3.1484418888999,0.0,,,76.00562134488726,-2.349559367126119,0,pair-mineru-docling-dev66
Pairwise v12,OvisOCR2 + Docling (Docling supplies order skeleton),73.74317665879437,-8.241723994835809,17.147062302061855,13.998620413161955,59.860951261555826,52.560912977288,67.60969625917647,-10.745484452836905,12,pair-ovisocr2-docling-dev66
Pairwise v12,TeleOCR + Docling (Docling supplies order skeleton),74.38108935572964,-7.603811297900535,13.433346452695893,10.284904563795994,61.1208146373583,59.178074514996226,68.18528318586634,-10.16989752614704,13,pair-teleocr-docling-dev66
Pairwise v12,MinerU + OvisOCR2 (Ovis supplies order skeleton),81.26978874336162,-0.7151119102685612,16.262463682196337,13.114021793296438,59.860951261555826,52.560912977288,68.34057085254356,-10.014609859469815,12,pair-mineru-ovisocr2-dev66
Pairwise v12,MinerU + TeleOCR (Tele supplies order skeleton),82.36734175837623,0.3824411047460501,12.723688939582656,9.575247050682757,61.1208146373583,59.178074514996226,54.24089962191017,-24.114281090103212,13,pair-mineru-teleocr-dev66
Three-provider multipass*,"Docling + MinerU + OvisOCR2 (current pair, then Ovis)",69.83064908490955,-12.154251568720625,14.575545574420456,11.427103685520557,59.860951261555826,52.560912977288,70.98651940128846,-7.368661310724917,12,triple-docling-mineru-ovisocr2-dev66
Three-provider multipass*,"Docling + MinerU + TeleOCR (current pair, then Tele)",73.39952977677483,-8.58537087685535,13.06309035889769,9.91464846999779,61.1208146373583,59.178074514996226,72.47177984401551,-5.883400867997864,13,triple-docling-mineru-teleocr-dev66
Three-provider multipass*,"Docling + OvisOCR2 + TeleOCR (D+O pair, then Tele)",66.43450194988586,-15.550398703744321,17.294321433695558,14.145879544795658,61.1208146373583,59.178074514996226,62.38040609854445,-15.97477461346893,13,triple-docling-ovisocr2-teleocr-dev66
Three-provider multipass*,"MinerU + OvisOCR2 + TeleOCR (O+M pair, then Tele)",70.48769464208576,-11.49720601154442,16.574692851625173,13.426250962725273,61.1208146373583,59.178074514996226,62.87203029553794,-15.48315041647544,13,triple-mineru-ovisocr2-teleocr-dev66
Four-provider multipass*,Docling + MinerU + OvisOCR2 + TeleOCR (Ovis then Tele),68.64514874602122,-13.339751907608957,17.07465855924124,13.92621667034134,61.1208146373583,59.178074514996226,65.74106945944969,-12.614111252563688,13,quartet-docling-mineru-ovisocr2-teleocr-dev66
Four-provider multipass*,Docling + MinerU + TeleOCR + OvisOCR2 (Tele then Ovis),66.40744822434291,-15.577452429287263,14.698964272353198,11.550522383453298,61.67384578879077,55.16927230358747,67.96835382664553,-10.386826885367853,13,quartet-docling-mineru-teleocr-ovisocr2-dev66
Structure-only v12 re-pass*,Current fusion + Ovis tables/formulas,77.52272522595605,-4.462175427674126,12.81682912887897,9.66838723997907,59.860951261555826,52.560912977288,76.24542354691135,-2.1097571651020246,12,specialist-current-plus-ovisocr2-structures-dev66
Structure-only v12 re-pass*,Current fusion + Tele tables/formulas,77.52823269291036,-4.4566679607198125,12.97052633544814,9.82208444654824,61.1208146373583,59.178074514996226,76.2596280923659,-2.095552619647478,13,specialist-current-plus-teleocr-structures-dev66
Structure-only v12 re-pass*,Current fusion + both models’ tables/formulas,77.53087024247651,-4.454030411153667,12.97052633544814,9.82208444654824,61.1208146373583,59.178074514996226,76.24047980805217,-2.1147009039612072,13,specialist-current-plus-both-structures-dev66
Additive structure prototype†,Current fusion + Ovis tables/formulas,81.98490065363018,0.0,13.217939897160369,10.069498008260469,59.860951261555826,52.560912977288,78.35518071201338,0.0,12,append-current-plus-ovis-structures-dev66
Additive structure prototype†,Current fusion + Tele tables/formulas,81.98490065363018,0.0,13.340782429246346,10.192340540346446,61.1208146373583,59.178074514996226,78.35518071201338,0.0,13,append-current-plus-tele-structures-dev66
Additive structure prototype†,"Current fusion + Ovis formulas, Tele tables",81.98490065363018,0.0,13.217939897160369,10.069498008260469,61.1208146373583,59.178074514996226,78.35518071201338,0.0,13,append-current-ovis-formula-tele-table-dev66
Additive structure prototype†,"Current fusion + Ovis tables, Tele tables/formulas",81.98490065363018,0.0,13.340782429246346,10.192340540346446,61.543040930170235,59.21150591376595,78.35518071201338,0.0,13,append-current-ovis-table-tele-structures-dev66
Additive structure prototype†,Current fusion + both models’ tables/formulas,81.98490065363018,0.0,12.978458151540885,9.830016262640985,61.543040930170235,59.21150591376595,78.35518071201338,0.0,13,append-current-plus-both-structures-dev66
